> Consultas principales de canalchat.org en Search Console, últimos 3 meses.
> Pegadas a mano por el cliente el 2026-08-06: canalchat.org no está en las dos
> service accounts que dan acceso por API al resto de la red, así que este
> volcado es la única forma de tener su demanda. Formato: consulta / clics /
> impresiones. Sirve como mapa de demanda de TODA la red, no solo de canalchat:
> son las búsquedas reales del nicho de chat hispano.
chat gratis	69005	1250090
chat hispano	8051	567987
chat hot	9377	360854
el chat	3851	296251
chat sexo	7072	234464
chatear gratis	9472	211403
chat venezuela	11846	207868
chat bogota	7429	186605
chat peru	32201	184794
latinchat	2052	171471
chat gay	24065	149851
chateagratis	1031	145801
dale chat	1218	132330
chat mexico	9896	125220
chat	7904	115236
chat de sexo	2226	112314
chat cali	16612	100134
irc hispano	1932	99409
chat valencia	6156	96983
chachipen	75640	96295
chathispano	715	95828
chat españa	5047	94436
chat uruguay	1361	84033
gentechat	1350	82198
chat sevilla	2650	81812
chatea gratis	2873	81801
chatear	4601	77703
chat medellin	13570	77512
chat las palmas	4682	75319
chat ecuador	5484	74884
chat gay sevilla	547	73707
canalchat	57917	70933
chat mazmorra	5691	70868
chat asturias	4978	70308
chat murcia	2331	66129
chat lima	10788	65994
chat madrid	2612	64996
chat caliente	1704	64526
chat colombia	8963	64236
chatgratis	2787	62573
gente chat	1511	60700
chat lesbianas	23479	55708
chat tenerife	2702	54481
elchat	1233	53229
chat barcelona	891	52265
salas de chat	1986	50729
chathot	677	47663
chat online	1427	47517
chat bogotá	939	46835
chat gratis españa	2761	46413
irc chat	2591	45887
chat irc	2836	44901
chat monterrey	23035	42129
canal chat	33789	42036
chat bolivia	4160	41681
chat puebla	3054	41105
chat barranquilla	7682	39658
chat erotico	1128	39386
chat alicante	981	39033
chat euskadi	10747	38068
chat concepcion	4164	38020
chatsexo	1519	37980
chat nuevo leon	6613	37678
chat cornudos	7555	37491
chat gratis mexico	2672	37003
chat mas de 60	2241	36186
chats gratis	2516	35896
chat gitano	13418	34444
chat online gratis	1863	34272
chat granada	2162	33148
chat cadiz	1988	32363
chat galicia	7541	31385
sex chat	808	31085
chat jalisco	1282	30795
el chat gratis	1783	30781
chat chihuahua	2119	29519
webchat	1816	29316
salas de chat gratis	1124	28985
chat gratis sin registro	1879	28647
latinchat peru	827	28565
chat gay barcelona	555	27605
chat gratis peru	3457	27366
chat gay malaga	492	26799
chat gratis usa	3427	25955
chat cordoba	609	25872
chat terra	1260	25760
chat gratis en español	2792	25598
chatgay	4283	24966
chat amistad	2382	24803
chat latino	3031	24538
chat caracas	258	24494
chat de lesbianas	9776	24360
chat vigo	1997	24192
chat peru gratis	4660	24144
chat coruña	1849	23480
chat gay madrid	713	23347
chat adolescentes	3545	23301
chat tarragona	383	23250
chat trans	6310	23243
chat sin registro	686	22810
chat sex	829	22235
chat terra valencia	2138	22220
chats	844	22159
canal sonora chat	265	22096
chat usa	4295	21874
chat travesti	5189	21666
chat cornudo	6722	21655
chat trujillo	15912	21523
chat en español	2677	21295
chat aguascalientes	1427	21087
chat méxico	1256	20963
chat perú	3594	20681
chat guatemala	3693	20130
chat merida	4621	19977
chat chile	513	19654
latin chat	348	19567
chat tucuman	4865	19466
chat malaga	438	19081
chat sexo gratis	1382	19035
terra chat	897	18569
chat gay puebla	274	18391
chat paraguay	1078	18344
chat medellín	2973	18073
chat gay peru	12539	18039
chat les	9267	17304
chat bdsm	8342	17139
chat gratis bogota	346	17019
hispano chat	312	16999
chat coahuila	1860	16947
sexchat	480	16794
chat yucatan	3525	16459
chat andalucia	667	16456
chat terra madrid	333	16367
chat guadalajara	816	16366
chat canarias	2202	16234
chat madrid gratis	982	16219
chat amigos	1305	16141
chat gay gratis	2133	16039
chat navarra	641	15796
chat gay colombia	2070	15772
chat la plata	255	15606
chat español	1099	15553
chat en linea	647	15255
chat sonora	1550	15131
chat lesbico	7849	15128
chat gay medellin	10408	14903
chat org	10372	14871
chat barquisimeto	9741	14603
chat chachipen	10848	14470
chat toluca	2593	14406
chat españa gratis	806	14400
chat usa gratis	2622	14353
chat gratis colombia	1216	14117
chat gay valencia	1380	13951
terra chat alicante	245	13867
chat gratis ecuador	827	13737
chat de venezuela	1652	13399
dikelame	525	13370
chat bogota gratis	405	13111
netchat	3501	13070
chat tijuana	823	12590
chat queretaro	9871	12331
chat sumisas	247	12317
chat con desconocidos	2261	12277
chatperu	2138	12237
chat irc hispano	409	12116
chat gay mexico	404	11921
chat nudismo	777	11658
sala de chat	453	11618
chat terra alicante	276	11593
gay chat	1952	11589
chat terra malaga	807	11384
chat gratis madrid	384	11346
terra chat malaga	702	11200
chat lesbiana	4161	11175
chat terra sevilla	1819	11156
chat bucaramanga	8048	11095
chats online	449	11076
irc chat hispano	629	10988
chat adultos	1377	10959
caliescali chat	1591	10951
el chat peru	1907	10754
chat veracruz	7209	10664
chat de cornudos	2138	10636
chat el salvador	378	10609
chat lima peru	2689	10378
chat zacatecas	1241	10371
chatsex	352	10337
chat gay sin registro	1142	10238
chat 60	665	10215
chat temuco	475	10205
chat saltillo	1093	9958
chat cartagena	3063	9859
chat sexual	300	9701
chat de sexo gratis	399	9665
chat cuernavaca	2191	9408
el chat mexico	506	9405
canalchatorg	8153	9363
chat quito	1283	9340
chat gratis barcelona	366	9161
chat para conocer gente	771	9156
sexo chat	399	9120
chat gay bogotá	1596	9023
chat mallorca	327	9016
chat de mexico	739	8960
chat mas de 50	982	8725
chat chiclayo	6938	8669
cali chat	1680	8656
chat sevilla gratis	682	8588
chat barcelona gratis	468	8527
chat gratis venezuela	451	8512
chat gratis asturias	382	8454
el chat nuevo leon	1156	8445
chat gay vigo	1418	8439
chat dikelame	318	8394
chat de usa	1202	8262
chat gratis cali	1018	8212
chat valencia gratis	859	8123
chat de nuevo leon	1834	8047
el chat puebla	485	8022
chat de peru	650	8019
chat esoterismo	5543	7976
latinchat lima	1263	7907
chat ligar	876	7813
chat gay cali	4865	7800
calichat	1322	7720
chat cádiz	600	7704
chat gay maduros	1444	7659
chat colombia gratis	1436	7644
chat gratis sin registro más de 50	297	7644
cali es cali chat	1053	7441
chat venezuela gratis	303	7349
chat santiago	667	7214
chat lesbi	3637	7140
chat arequipa	1498	7118
terra chat murcia	814	7117
chat maracaibo	4150	7092
chat para adultos	398	7088
chat gratis medellin	1058	7046
chat tucumanos	1816	7041
chat asturias gratis	804	7041
chat adolescente	1003	7008
chat de lima	1160	6986
chat gratis nuevo leon	342	6977
chat gay monterrey	5608	6886
chat gay baleares	511	6877
chat terra murcia	1281	6839
chat tenerife gratis	600	6787
chat concepción	756	6623
chat sexo madrid	3761	6598
terra chat sevilla	548	6591
chat hermosillo	5431	6547
chat gratis sevilla	560	6537
chat gratis uruguay	375	6390
chat nudista	657	6269
chat sexo españa	1458	6219
chat gay lima	4174	6191
chat pontevedra	940	6179
chat gay cdmx	1878	6164
peru chat	624	6088
mazmorra chat	314	6069
chat chatear	487	6046
chat mexicali	410	5948
latinchat usa	1086	5921
el chat ecuador	304	5884
terra chat cadiz	650	5882
chat piura	913	5815
chat miami	546	5747
chat gay medellín	4332	5658
chat adulto	287	5615
chat más de 60	285	5574
chat pais vasco	397	5515
chat para ligar	314	5510
chat nuevo leon gratis	760	5474
chat de españa	252	5454
chat gratis con mujeres	343	5413
chat en línea gratis	314	5285
chat leon gto	1130	5267
chat euskadi gratis	399	5224
chat galicia gratis	1471	5167
chat gratis cadiz	359	5162
chat terra cadiz	425	5136
chat amor	1918	5098
chat gratis guatemala	413	5088
chat conce	417	4983
chat con trans	1181	4969
chateandogratis	250	4968
chat cibersexo	1222	4950
chat gratis murcia	411	4894
chat gratis las palmas	298	4868
chat extremadura	902	4853
chatdesexo	518	4836
chat medellin gratis	851	4817
chat gratis online	247	4812
chat gratis granada	678	4787
chatorg	3300	4733
chat gratis galicia	243	4730
chat de amigos	422	4715
chat 13 a 18	372	4642
chat gdl	442	4619
la plata vive chat	471	4606
chat sumisa	363	4601
chat ecuador gratis	341	4591
chat swinger	1653	4536
chat vitoria	812	4504
chatcali	947	4439
chatear gratis galicia	445	4351
chat ozu	520	4346
chat transexual	1768	4316
chat de colombia	454	4303
chat méxico gratis	347	4293
chat canal	2162	4291
chatlima	588	4272
chat gay online	587	4233
chat gratis euskadi	388	4233
chat latinoamerica	292	4229
chat gay españa	353	4222
chat rancagua	475	4221
webchat irc	264	4205
bdsm chat	1739	4204
sala chat	251	4192
chat torreon	628	4190
chat gay tijuana	3216	4139
chat de 13 a 18	554	4126
chatgitano	931	4104
chat de adolescentes	568	4102
chat gay gdl	3186	4097
chat ibague	2298	4067
chat peru lima	867	4064
chat religion	2017	4061
chat gratis lima	556	4032
chat las palmas gratis	259	4005
lima chat	953	3952
chat social	441	3936
chat cancun	257	3917
chat en español gratis	468	3910
mas de 60	270	3882
chatlesbianas	1469	3877
chat de cali	304	3874
chat gratis con extranjeros	439	3866
hablar con desconocidos	711	3856
chat vizcaya	2041	3845
chat sexo sevilla	1608	3833
chat manizales	2786	3792
chat lesbian	1191	3772
chat mty	2452	3756
lesbian chat	681	3754
videollamadas con mujeres gratis	277	3751
chat.org	1251	3750
chat latino gratis	336	3726
chat tarot gratis	2100	3685
chat bogota gay	606	3636
chat de travestis	533	3528
chat internacional	906	3528
chat cucuta	2524	3615
chat murcia gratis	335	3608
chat pereira	270	3560
chat gratis bolivia	280	3512
chat sinaloa	392	3472
chat merida yucatan	1745	3441
terra chat granada	378	3432
trans chat	939	3421
chat mundial	788	3396
chat gratis valencia	338	3394
chat gran canaria	258	3378
chat gay perú	2392	3363
chat hot gay	520	3361
chat chihuahua gratis	347	3355
chatear con desconocidos	551	3332
chat de vigo	435	3332
latin chat usa	1166	3319
chat gays	715	3304
chat de adolescentes de 12 a 15	2046	3288
dikelame chat	1656	3275
chat relatos eroticos	2729	3267
chat puebla gratis	311	3267
chatcornudos	378	3263
chat gratis chile	266	3253
lesbianas chat	1386	3229
chat morelia	278	3204
chat toing	1360	3184
chat andalucia gratis	786	3171
chat gay zaragoza	515	3142
terrachat valencia	264	3132
chat los angeles	1094	3103
terra chat usa	1106	3097
chat de sumisas	307	3093
chat de 12 a 15	2050	3087
chat cusco	1071	3084
chat guipuzcoa	1173	3068
chat general	320	3061
chat gratis chihuahua	291	3044
chat en español usa	773	3041
chat zulia	251	3030
chat gratis tenerife	269	3017
chat de cadiz	416	2995
chat guarro	505	2990
chat porno	257	2976
chat cuenca	344	2951
chat con extraños	514	2937
latinchat bogota	460	2916
chat esoterico	1433	2895
chat barranquilla gratis	477	2886
el chat monterrey	1847	2881
chat con hombres	292	2872
chat gratis barranquilla	355	2868
chat gay ecuador	878	2858
chat de gitanos	270	2836
chachipen gitano	2222	2835
chat gay mallorca	712	2815
chat del mundo	380	2815
canalchat usa	2617	2808
chatmedellin	658	2795
chat gratis español	521	2794
chat sonora gratis	387	2785
canal chat usa	2450	2783
chat canal sonora	264	2745
chat de tenerife	431	2736
bogota gay chat	512	2724
chat lesb	1469	2720
chat gay df	759	2719
chat de lesbiana	1189	2709
chat ligar gratis	528	2707
chat gay mty	2167	2700
chat sexo mexico	742	2692
chat cali es cali	446	2671
cornudos chat	628	2648
chat nuevo león	458	2636
chat adolescentes de 13 a 18	445	2620
chat relatos	1638	2610
chats gays	290	2603
chat tapatios	379	2597
chat coruña gratis	450	2595
chat canelita	964	2591
chat para ligar gratis	256	2562
chat terra girona	625	2541
chat publico	821	2536
chat villavicencio	2033	2523
chat gay guadalajara	1378	2514
chat con lesbianas	713	2512
chat cadiz gratis	332	2502
chat tucumán	491	2498
peruchat	356	2494
chachipen chat	2120	2489
chat sexo valencia	1020	2488
chat para adolescentes	272	2472
el chat usa	1363	2461
chat cochabamba	452	2461
chat perú gratis	319	2440
chat trans gratis	498	2427
chat desconocidos	307	2424
chat lescontactos	1814	2408
el chat de monterrey	1166	2392
canal sonora chat gratis	488	2391
el chat guatemala	451	2390
chat gratis peru lima	485	2356
chat 13	286	2356
canalchat peru	2207	2352
chat sado	262	2350
chat andalucía	765	2349
chateagratis euskadi	485	2349
chat maldonado	659	2343
chat para niños	939	2331
chat lesbianas gratis	709	2317
juegos de chat	355	2298
mirc chat	435	2295
chat privado	655	2267
chat lanzarote	378	2257
chat querétaro	1903	2255
chat online peru	364	2247
chat hot con mujeres	244	2234
canal chat mexico	1849	2222
canal chat madrid	1944	2199
chat andalucia más de 50	1956	2177
chat con mujeres calientes	360	2173
chat granada gratis	313	2139
chat monteria	1515	2138
chat lima gratis	591	2136
chat terra valencia gratis	305	2136
chat jerez	260	2127
chat gipuzkoa	891	2111
chat eus	789	2111
lescontactos	1757	2110
chat en lima	508	2109
chatcolombia	377	2099
chat gay maduro	293	2091
chat xalapa	1587	2089
chatbdsm	1110	2089
chat rol	730	2083
chat gey	331	2062
chat leon	399	2027
canalchat.org	1878	2024
chats gay	293	2020
chat gratis lesbianas	693	1978
chat bogotá gay	443	1972
chat hot guatemala	1189	1968
chat culiacan	1221	1950
chatear gratis peru	654	1935
latinchat bucaramanga	805	1929
chatea gratis usa	263	1894
chat morbo	624	1884
cali es cali chat gratis	286	1878
chat transexuales	264	1873
chat otaku	913	1865
chat donostia	520	1861
chat lima perú	259	1854
chat gay manizales	1562	1853
chat chimbote	774	1853
chat amistad gratis	495	1849
chat santa marta	260	1841
chat pachuca	1133	1839
chat gay queretaro	1424	1832
chat trujillo peru	1496	1829
chat estados unidos	592	1813
chat ecatepec	1219	1812
chat chiapas	771	1812
chat peru gay	1162	1809
chat 12 a 15	1214	1806
hablar con extraños	258	1786
el chat de nuevo leon	257	1785
chat terra cadiz gratis	285	1784
colombia chat	502	1778
chat gitano chachipen	1299	1773
el chat lima	509	1767
chat peruano	883	1760
chat para hacer amigos	368	1742
chat menos de 15	1224	1732
chatchachipen	1374	1727
chat de concepcion	324	1712
chat qro	1025	1705
latinchat trujillo	1152	1699
chat latino usa gratis	606	1697
chat sexo asturias	792	1695
chat de guatemala	287	1682
chat lima peru gratis	745	1676
chat gay bolivia	438	1673
chatgayperu	1081	1670
ozu chat	274	1657
chat les chile	1296	1649
chatamigos	345	1649
salas de chat usa	279	1649
chat rti	270	1639
chat cubano gratis	265	1638
amigos online	385	1626
tapatios chat	432	1625
chat de les	815	1620
chat medellin gratis sin registro	345	1615
chat para lesbianas	736	1610
canal chat peru	1472	1601
amigos en linea	394	1601
chat armenia	821	1596
chat sexo zaragoza	484	1596
chat de barranquilla	401	1591
chat medellín gratis	260	1585
chat san cristobal	1028	1569
chat ares	284	1567
chat gratis veracruz	491	1558
chat gratis perú	275	1558
chat de veracruz	1273	1553
chatlesbico	623	1549
chatear en sevilla	569	1544
chat tarot	357	1532
chat zapopan	492	1527
canal mazmorra	600	1526
chat neiva	440	1526
chat sin java	558	1522
chat regios	447	1521
ares chat	408	1515
chat gratis lima peru	420	1507
chat maduros	426	1496
chat gratis yucatan	357	1495
chat online el salvador	270	1485
chat canarias gratis	363	1481
chat espanol	511	1472
chat gratis monterrey	976	1467
canal chat murcia	1335	1462
caliescalichat	446	1453
latinchat medellin	336	1450
chat gay usa	266	1438
chatear gratis granada	280	1437
chat bogota colombia	764	1435
omegle para niños de 12 a 15 años	807	1433
chat mérida	455	1422
chachioen	1127	1420
chat sincelejo	1096	1417
chat veracruz puerto	1139	1400
chat venezuela org	1211	1399
chat trav	555	1398
chat monterrey gratis	906	1397
univision chat	824	1378
chat cuckold	503	1356
chat coatzacoalcos	1021	1349
chat galicia vigo	494	1345
chat de colombia gratis	422	1336
chat limeño	894	1334
chat de republica dominicana	369	1334
chat de novios	428	1314
chat reynosa	868	1311
chat usa español	550	1310
chat tamaulipas	562	1309
chat de trans	596	1306
canal chat org	1184	1285
el chat querétaro	1198	1281
canal tucumanos chat	951	1277
el chat merida	394	1257
canal chat venezuela	990	1256
chat lésbico	543	1255
chats lesbianas	257	1252
chat maracay	297	1244
chat 12	971	1242
chat apodaca	798	1242
chat org peru	1086	1235
chat venezuela barquisimeto	655	1231
chat org barcelona	555	1229
chat tabasco	268	1228
chat gay org	409	1219
chat popayan	686	1215
sexo gratis en valencia	275	1211
chat latino gratis usa	589	1206
chat menores	494	1204
chat gay bucaramanga	400	1202
canalchat sexo	1093	1200
chat palmira	657	1196
chat esoterismo gratis	480	1190
jalisco chat	435	1182
latinchat trujillo peru	1088	1172
hacer amigos online	248	1170
chat guipúzcoa	574	1161
chats cornudos	308	1149
chat callao	575	1148
chat gay lima peru	991	1147
chat puerto la cruz	636	1145
latinchat lima peru	295	1145
chat tulua	887	1143
chat con chicas calientes	269	1142
canal chat gay	657	1136
chat tepic	536	1132
canal chat sexo	864	1130
chat hispano mazmorra	597	1112
chat gratis org	319	1111
chat con hombres millonarios gratis	369	1099
chat de cornudo	247	1098
canalchat mexico	1013	1091
chat joven	282	1091
chat sexualidad	1054	1090
chat v47	247	1087
chatpuebla	257	1086
chat v49	353	1085
el chat colombia	294	1082
chatgalicia	267	1081
canalchat madrid	1009	1073
chat de monterrey	509	1072
chat merida venezuela	692	1066
canal chat mazmorra	760	1065
chat tunja	647	1064
chat de euskadi	414	1063
chat trujillo gratis	988	1058
canalchat mas de 60	900	1049
chat para adolescentes de 15 a 20	299	1048
chat flamenco	940	1037
chat bogota citas	435	1020
chat huancayo	548	1019
chat gratis usa en español	244	1019
chat usa latino	745	1017
usa chat gratis	414	1017
chat con mujeres hot	244	1015
chat sexo latino	293	1013
chat maduritos	370	1012
chat obregon	470	1004
chat gay de monterrey	956	1002
chat les hispano	274	999
chat org valencia	915	989
el chat cartagena	508	987
chat para niños de 10 a 12 años	366	985
chat de lesbianas gratis	326	984
chat tropicana	583	983
chat gratis vizcaya	476	979
chat castilla	296	979
hablar con trans	319	968
bogotá gay chat	303	966
chat de córdoba	498	963
chat soacha	424	962
canal chat mas de 60	533	961
chat con chicas hot	250	950
el chat del sexo	382	945
canalchat españa	841	937
canalchay	836	937
chat relatos eróticos	740	936
chatear con lesbianas	272	936
chat de niños	565	933
chat tachira	441	921
latin chat chiclayo	853	920
conocer gente en linea	788	920
chat de sexo mexico	391	916
chat mujeres asturias	420	913
chatgaygdl	766	912
chat para niños de 8 a 9 a 10 a 11 a 12	350	907
chat tlalnepantla	669	905
chats mexicanas	548	904
chat terra sevilla gratis	375	900
limachat	363	899
chat.org mexico	547	898
chat relato erotico	485	893
chat gitano gratis	355	891
chat abierto	254	891
canalchat uruguay	855	889
chatear gratis usa	274	889
canalchat euskadi	828	885
gay chat peru	769	881
chat gratis chiclayo	738	875
chat org mexico	739	871
chat piedras negras	658	864
chat miraflores	550	863
chat religión	636	860
entre primos y primas	820	853
chat cordoba veracruz	775	849
chat en monterrey	291	844
chat vasco	686	841
chat gratis salamanca	256	841
chat caliescali	322	838
foro chat tucson	770	834
les contactos	630	832
chat gay querétaro	657	828
chat sexo galicia	563	827
chat españa más de 40	683	825
cornudo chat	275	825
chat gay jalisco	528	823
chat martos	394	815
chatear gratis en valencia	249	810
chat relato	312	805
chat sinaloa gratis	373	796
canal chat colombia	740	792
chat org chile	731	792
latinchat limeño	648	791
chat gayperu	402	783
chat entre primos	574	781
chat esotérico	629	771
chat de tucuman	429	769
chat less	295	767
chat espanol usa	325	765
chat gratis barquisimeto	692	763
canal chat euskadi	622	763
canal chat chile	671	762
chat los mochis	478	762
chatmty	646	759
univision chat room	260	758
chat catolico	421	756
chat toing gratis	250	751
chat puerto ordaz	297	750
chat canelones	409	749
latinchat peru lima	261	749
chat mazatlan	512	747
chat lesbbianas	362	747
chat miami gratis	488	746
chat org madrid	686	740
chat en new york	371	738
chat cali sin registro	314	731
chat de chiclayo	554	729
colchat	308	726
chat colima	246	726
chat gratis trujillo	607	725
el chat cuernavaca	491	719
lesbiana chat	246	718
chatgayespaña	267	715
canal chat asturias	499	714
chats adolescentes	414	712
canal chat españa	538	709
terra chat vlc	261	707
chat izcalli	651	701
chat chiclayo gratis	589	696
chat ligar barcelona	456	691
latin chat usa gratis	287	691
relatos eroticos chat	589	685
chatgey	285	685
canalchat chile	556	683
chat de esoterismo	364	683
chat.org españa	575	676
chat cucuta gratis	484	645
chat ibagué	510	672
chatear con mexicanos	268	670
chat org 60	639	668
psicología chat	528	666
chat niñas	244	664
follar gratis en sevilla	335	656
chat de relatos eroticos	377	654
chat citas bogota	509	649
chat babel españa	253	649
canalchat venezuela	552	648
chat chachipen gratis	306	644
chat con mexicanas	264	642
chat usa en español	283	641
chat terra org	447	639
chat gratis cuernavaca	255	635
chat barquisimeto gratis	535	630
chatea gratis esoterismo	625	628
chat online medellin	285	624
chat mundo	283	622
chat nuevo leon apodaca	498	618
chat mirc 32	584	617
canal chat medellin	557	607
canalchat org	501	602
chat gratis cali colombia	260	601
chat canalchat	505	599
chat de religion	270	599
latinchat usa gratis	312	597
chat maduros gays	282	596
chat apodaca nuevo leon	558	595
canal chat ecuador	537	595
canalchat mazmorra	488	594
canalchat mas de60	487	591
chat esoterico vidente gratis	309	591
chatchipen	467	590
canalchat barcelona	538	581
canaltucumanos	421	581
chat de 12 a 15 años	410	580
chat mujeres guatemala	574	579
canal chat lesbianas	489	573
chat movil medellin	518	572
chat lima gay	464	571
chatcanal	444	569
chat de andalucía	342	567
canal chat valencia	507	566
chat de xalapa	335	566
chat público	257	566
chat gratis cucuta	408	564
chat esoterico gratis	307	562
chat hispano usa	490	558
chachipe	353	558
chat escobedo	502	551
chat les bogota	442	550
latinchat barquisimeto	484	549
canalchat galicia	519	548
chat granada sin registro	243	546
chats bdsm	244	545
chat melo	450	539
chat adolescente de 12 a 15 años	431	537
chat california	340	537
chat madrid ligar	269	536
chat miami beach	452	534
latinchat cucuta	428	532
chat leabianas	472	530
chat de sexo en sevilla	416	527
chat gay gratis medellin	402	527
chat religion gratis	426	525
chat oxigeno	433	524
chat lesbianas maduras	295	523
ciudad blanca chat	419	519
chatear en usa	412	519
chat gratis popayan	468	518
chat canal chat	461	515
canalchat valencia	357	513
colchat bogotá	339	513
chatear gratis en espanol	474	511
chatgaymedellin	404	510
chat playa del carmen	290	510
chat gratis ibague	323	503
chat de mujeres lesbianas	263	501
canalchat granada	479	496
el chat nuevo	296	491
chat gay piura	414	490
webchat guipuzcoa canalchat	466	479
chat de merida yucatan	367	479
chachipem	378	477
monterrey chat	398	475
chat boca del rio	335	475
chat mérida yucatán	275	474
chatlesb	295	472
cali chat gay	380	470
chat poza rica	341	470
canal chat bogota	321	470
trujillo chat	324	466
chatmonterrey	358	465
chat lima callao	332	464
chat de tarot gratis	260	464
canal chat alicante	438	462
chat gratis manizales	401	462
chat terra cádiz alternativo	352	462
mazmorra irc	259	460
chat gay de guadalajara	384	459
canal chat barcelona	341	459
terra chat org	260	459
chattrujillo	442	457
el chat org	426	456
canalchat.org gente chat	344	455
chat gay trujillo	347	454
chat sonico	274	454
canalorg	425	450
chat gay monteria	410	450
chat gitano madrid	336	450
chat coacalco	341	449
chat cuautitlan izcalli	286	448
latinchat quito	250	444
el chat de veracruz	280	442
chat para buscar novia	314	440
chat gay qro	308	440
canal chat org hermosillo	435	437
chats bogotá	260	436
chat mazmorra canalchat	421	432
chat chicas hot	245	430
canalchat adolescentes	375	428
chat hot org	289	428
chat gratis bucaramanga	347	425
peru gay chat	297	425
canal chat religion	354	419
chat gay.org	351	419
chatqro	401	418
canal chat sevilla	382	416
chatskype	403	415
chat maracay venezuela	347	415
el chat de colombia	278	414
canalchat mas de 40	345	413
canalchatorg mas de 60	405	412
chat japones	279	410
chat de queretaro	310	401
canal chat gratis	259	401
chat cartagena de indias	268	400
chat gay de tijuana	372	399
canalcha	301	396
chat de sexo gratis org	275	393
lescontacto	264	391
chat gay en lima	313	389
canal chat bolivia	348	386
chat relato erótico	297	386
chat de gitanos chachipen	279	384
chat chile org	248	382
chat 15 a 20	298	381
chat 24 horas	260	381
chatgaymty	345	380
chat para niños de 11 a 13 años gratis	296	380
chatea org	270	380
chat en espanol usa	307	377
chat bondage zona	309	375
chat iquitos	249	375
canal chat trujillo	336	374
elchat trujillo	285	374
canal chat gay peru	359	372
chat galicia sexi	367	371
chat gratis xalapa	344	370
chat barcelona sin java	269	368
canalch	336	366
chat millonario	321	364
chatgaylima	313	364
chat cita	309	364
chat lesbianas bogota	316	363
canal chat hermosillo	314	360
gay chat gdl	279	358
chat mistico	295	357
canal chat sonora	316	356
chat de sexo valencia	271	356
chat cali gay	270	355
chat neza	274	354
chat gay tj	320	353
chat lesbianas online	251	353
chat bucaramanga gratis	258	352
canalchatusa	322	350
chat org colombia	314	349
chat para gordos	324	348
chat videncia gratis	290	346
chat veracruz boca del rio	294	343
querétaro chat	333	341
chat galicia sexo	255	341
chat de sexo méxico	279	338
canalchat gay	245	337
gdl chat gay	318	333
chat descono	311	332
canalchat bogota	265	329
chat gratis sin registro en sonora	314	328
elchat samario	327	327
elchat queretaro	288	327
canalchat andalucia	274	327
latinchat chiclayo	246	327
chatear org	304	326
terra chat paisas	315	324
chschipen	271	322
canal chat cadiz	302	321
canachat	269	316
latinchat maracaibo	252	316
chat de los angeles	255	314
chat 12 15	250	313
chat canal les	299	312
chat trujillo perú	288	311
canalchar	271	311
canalcjat	276	307
cabalchat	283	303
canal chat cali	278	301
chatmorbo	251	298
canalchat medellin	284	291
canal chat galicia	249	276
chat venezuela lesb	248	275
chattulua	251	260
canalchat trujillo	247	258
